Category,Subcategory,Content,Language,Source,Notes
General Info,Name,Arusha Catholic Seminary,English,Official Document,
General Info,Address,P.O BOX 3102 Arusha,English,Official Document,
General Info,Location,40 km from Arusha City towards Namanga Road (Oldonyosambu),English,Admission Letter,Near Oldonyosambu Market
General Info,Location,40 km kutoka Arusha Mjini kuelekea barabara ya Namanga (Oldonyosambu),Swahili,Admission Letter,Near Oldonyosambu Sokoni
Contact Info,Rector Phone,"+255 754 926 022, +255 765 394 802",English,Official Document,
Contact Info,Rector Email,"arucase@gmail.com, asseymoses@gmail.com",English,Official Document,
Contact Info,Bursar Phone,+255 765 394 802,English,Form Five Admission Letter,
Contact Info,Reception Phone,+255 692 937298,English,Form Five Admission Letter,
Contact Info,Vocations Office Mobile,"0755 630515, 0783 837459",English,Vocations Office Contact,
Contact Info,Vocations Office Mobile,"0755 630515, 0783 837459",Swahili,Vocations Office Contact,
Contact Info,Vocations Office Email,fusamalya@gmail.com,English,Vocations Office Contact,
Contact Info,Vocations Office Email,fusamalya@gmail.com,Swahili,Vocations Office Contact,
Admission,Pre-Form One Intake,October,English,Admission Letter,
Admission,Pre-Form One Intake,Oktoba,Swahili,Admission Letter,
Admission,Reporting Time,04:00 AM - 09:00 PM,English,Admission Letter,
Admission,Reporting Time,Saa 04:00 asubuhi mpaka saa 09:00 jioni,Swahili,Admission Letter,
Admission,Accompaniment Requirement,Student must be accompanied by a parent/guardian,English,Admission Letter,
Admission,Accompaniment Requirement,Mwanafunzi atatakiwa kuja na Mzazi/Mlezi wake,Swahili,Admission Letter,
Admission,Program Name,Form Five (Kidato cha Tano),English,Form Five Admission Letter,
Admission,Program Name,Kidato cha Tano,Swahili,Form Five Admission Letter,
Admission,Program Duration,Two years,English,Form Five Admission Letter,
Admission,Program Goal,To prepare for priesthood,English,Form Five Admission Letter,
Admission,Program Goal,Kumwandaa Mseminari kwa wito wa Upadre,Swahili,Form Five Admission Letter,
Admission,Subject Combinations,"PCM, PCB, PGM, EGM, HGE, HGL",English,Form Five Admission Letter,
Admission,Reporting Instructions,Get off at Oldonyosambu Market and ask for directions to the seminary,English,Form Five Admission Letter,
Admission,Reporting Instructions,"Shuka Oldonyosambu Sokoni kisha ulizia Seminari, utaelekezwa bila shida",Swahili,Form Five Admission Letter,
Admission Requirements,Uniform Fees (Pre-Form One),"TZS 350,000 (includes 2 trousers, 2 shirts, 2 T-shirts, 2 sweaters, 2 tracksuits, 1 work uniform, 2 jackets with names)",English,Admission Letter,
Admission Requirements,Uniform Fees (Pre-Form One),"TZS 350,000 (Suruali mbili, Mashati mawili, Tisheti Mbili, Masweta mawili, Track suti mbili, jozi moja ya nguo za kazi na jaketi mbili ikiwa ni pamoja na kuandikiwa jina kwenye kila SARE)",Swahili,Admission Letter,
Admission Requirements,Uniform Fees (Form Five),"TZS 150,000 (2 trousers, 2 shirts)",English,Form Five Admission Letter,
Admission Requirements,Uniform Fees (Form Five),"TZS 150,000 (Suruali mbili, Mashati mawili)",Swahili,Form Five Admission Letter,
Admission Requirements,Uniform Fees (Form Five),"TZS 200,000 (2 tracksuits, 2 shamba dresses, 1 coat)",English,Form Five Admission Letter,
Admission Requirements,Uniform Fees (Form Five),"TZS 200,000 (Tracksuit mbili, shamba dress mbili, na koti moja)",Swahili,Form Five Admission Letter,
Admission Requirements,Shoes and Socks,Bring 2 pairs of black leather shoes with laces and 2 pairs of black socks,English,Form Five Admission Letter,
Admission Requirements,Shoes and Socks,Uje na viatu vyeusi jozi mbili vya kufunga na Kamba na soksi nyeusi jozi mbili,Swahili,Form Five Admission Letter,
Admission Requirements,Sports Attire,Bring blue T-shirt & shorts for football,English,Form Five Admission Letter,
Admission Requirements,Sports Attire,"Uje na nguo za michezo (T-shirt & bukta) blue, raba au njumu kwa mpira wa miguu",Swahili,Form Five Admission Letter,
Admission Requirements,Additional Fees (Pre-Form One),"TZS 25,000 (for utensils and cleaning supplies)",English,Admission Letter,
Admission Requirements,Additional Fees (Pre-Form One),"Tsh. 25,000= kwaajili ya vyombo vya chakula na vifaa vya usafi",Swahili,Admission Letter,
Admission Requirements,Utensils Fee (Form Five),"TZS 10,000 (for utensils)",English,Form Five Admission Letter,
Admission Requirements,Utensils Fee (Form Five),Tsh. 10,000/= kwaajili ya vyombo vya chakula,Swahili,Form Five Admission Letter
Admission Requirements,Personal Items,"Blankets, work clothes, soap, toothpaste, toilet paper, cooking oil, toothbrush, battery torch, 10L jerrycan, health insurance card",English,Admission Letter,
Admission Requirements,Personal Items,"Makoti mazito, nguo za kazi, blanketi moja, taulo, sabuni za kuogea na kufulia, chana, toilet papers, mafuta ya kujipaka, dawa ya meno na mswaki, tochi ya sola au ya betri, ndoo ndogo ya lita kumi, kadi ya bima ya afya",Swahili,Admission Letter,
Admission Requirements,Personal Items (Form Five),"Bible (New Jerusalem Bible) and small prayer book or TZS 50,000",English,Form Five Admission Letter,
Admission Requirements,Personal Items (Form Five),"Biblia ya Kingereza (New Jerusalem Bible) na Chuo kidogo cha Sala au Tsh 50,000/=",Swahili,Form Five Admission Letter,
Admission Requirements,Bedding,"Mattress (6"" x 2½"")",English,Form Five Admission Letter,
Admission Requirements,Bedding,"Godoro moja la ukubwa wa inchi 6"" x 21/2"", mto na foronya mbili",Swahili,Form Five Admission Letter,
Admission Requirements,Bedding,2 blue bedsheets,English,Form Five Admission Letter,
Admission Requirements,Bedding,Shuka za kitanda jozi mbili rangi ya blue bahari,Swahili,Form Five Admission Letter,
Admission Requirements,Bedding,1 blanket (for cold weather),English,Form Five Admission Letter,
Admission Requirements,Bedding,Blanketi kwaajili ya kujifunika kwani Arusha Catholic Seminary hali ya hewa ni ya baridi,Swahili,Form Five Admission Letter,
Admission Requirements,Bedding,2 towels,English,Form Five Admission Letter,
Admission Requirements,Bedding,Taulo mbili,Swahili,Form Five Admission Letter,
Admission Requirements,Hygiene Supplies,"Soap, toothpaste, toothbrush, cooking oil, comb, razor, nail clippers",English,Form Five Admission Letter,
Admission Requirements,Hygiene Supplies,"Ndoo ndogo ya kufulia na kuogea, sabuni za kutosha, miswaki, dawa ya meno, mafuta ya kupaka, kitana, kiwi na brashi",Swahili,Form Five Admission Letter,
Admission Requirements,Cleaning Supplies,"Hard broom, hoe with handle, mop",English,Form Five Admission Letter,
Admission Requirements,Cleaning Supplies,"Fagio ngumu (hard broom), jembe lenye mpini na mopa moja",Swahili,Form Five Admission Letter,
Admission Requirements,Storage,Sturdy metal trunk (9 x 24),English,Form Five Admission Letter,
Admission Requirements,Storage,"Sanduku la bati liwe imara na kubwa ""9 x 24"" la kubebea/kutunzia vifaa vyako",Swahili,Form Five Admission Letter,
Admission Requirements,School Supplies,"12 counter books (3 quire), pens, pencils, erasers, mathematical set",English,Admission Letter,
Admission Requirements,School Supplies,"Madaftari counter book 12 (yote yawe quire 3), kalamu za kutosha, penseli na vifutio pamoja na ""Mathematical Set""",Swahili,Admission Letter,
Admission Requirements,School Supplies (Form Five),1 counter book (quire 4),English,Form Five Admission Letter,
Admission Requirements,School Supplies (Form Five),"Madaftari aina ya ""quire 4 Counter books"" dazani 1 kwaajili ya kuandika nukuu za masomo",Swahili,Form Five Admission Letter,
Admission Requirements,School Supplies (Form Five),Enough textbooks and notebooks,English,Form Five Admission Letter,
Admission Requirements,School Supplies (Form Five),Vitabu na vitini vya kutosha kwaajili ya kujisomea kulingana na mchepuo wake,Swahili,Form Five Admission Letter,
Admission Requirements,School Supplies (Form Five),"Non-programmable scientific calculator (fx 991ms), mathematical set, pens, pencils, ruler",English,Form Five Admission Letter,
Admission Requirements,School Supplies (Form Five),"Non-programmable Scientific calculator fx 991ms, Mathematical set, kalamu za wino za kutosha, penseli na rula",Swahili,Form Five Admission Letter,
Admission Requirements,Personal Funds,For personal use (e.g. haircuts and transport),English,Form Five Admission Letter,
Admission Requirements,Personal Funds,"Fedha za matumizi binafsi kama kunyoa, nauli, n.k.",Swahili,Form Five Admission Letter,
Admission Requirements,Health Insurance,Health insurance is mandatory or TZS 50,400,English,Form Five Admission Letter
Admission Requirements,Health Insurance,"Bima ya afya ni lazima kwa ajili ya matibabu au Tsh 50,400/=",Swahili,Form Five Admission Letter,
Admission Requirements,Documents,"Bring copies of birth certificate, baptism certificate, and Form Four result slip",English,Form Five Admission Letter,
Admission Requirements,Documents,"Uje na nakala ya cheti cha kuzaliwa, nakala ya cheti cha ubatizo na nakala ya result slip",Swahili,Form Five Admission Letter,
Admission Requirements,Prohibited Items,"Radios, mobile phones, cameras, heaters, weapons, personal food/drinks",English,Admission Letter,
Admission Requirements,Prohibited Items,"Radio, Simu ya mkononi ama laini yake, Kamera na Heater, Visu ama silaha ya aina yoyote, Taa ama tochi za kuchaji kwa umeme, Chakula ama kinywaji chochote cha binafsi",Swahili,Admission Letter,
Admission Requirements,Prohibited Items (Form Five),"Mobile phones, phone lines, flash drives, memory cards, CDs, electric irons, heaters, cameras, radios, or any type of weapon",English,Form Five Admission Letter,
Admission Requirements,Prohibited Items (Form Five),"Kukutwa na Simu ya mkononi na laini/kadi(Line) ya simu, flash, memory card au CD, Pasi ya umeme au ya mkaa, Heater, Kamera na Radio au silaha ya aina yoyote",Swahili,Form Five Admission Letter,
Admission Requirements,Tuition Fees,"TZS 250,000 (Pre-Form One), TZS 1,800,000 (Form One)",English,Admission Letter,
Admission Requirements,Tuition Fees,"Tsh 250,000/= kwa muda wote wa masomo ya ""Pre-Form One"", Tshs. 1,800,000/= kwa Kidato cha Kwanza",Swahili,Admission Letter,
Admission Requirements,Tuition Fees (Form Five),"TZS 1,900,000 (full) or TZS 950,000 (half at start of academic year)",English,Form Five Admission Letter,Must be paid in full or half at the start of the academic year
Admission Requirements,Tuition Fees (Form Five),"TZS 1,900,000 (kamili) au nusu ya ada (950,000/=) mwanzoni mwa mwaka wa masomo",Swahili,Form Five Admission Letter,Lipa ada yote au nusu ya ada mwanzoni mwa mwaka wa masomo na si vinginevyo
Admission Requirements,Construction Fee,"TZS 100,000 (annual, for seminary church construction)",English,"Admission Letter, Form Five Admission Letter",Account: CRDB Bank (0150403091800)
Admission Requirements,Construction Fee,"Tshs 100,000/= kila mwaka na italipwa kwenye Akaunti ya shule yenye jina: ARUSHA CATHOLIC SEMINARY-UJENZI. Account No. 0150403091800, benki ya CRDB Bank",Swahili,"Admission Letter, Form Five Admission Letter",Account: CRDB Bank (0150403091800)
Admission Requirements,Bank Account for Tuition,"NBC ARUSHA BRANCH, Account Name: ARUSHA CATHOLIC SEMINARY, Account No. 014103009113",English,"Admission Letter, Form Five Admission Letter",
Admission Requirements,Bank Account for Tuition,"NBC ARUSHA BRANCH, Jina la akaunti ni ARUSHA CATHOLIC SEMINARY, Namba ya akaunti 014103009113",Swahili,"Admission Letter, Form Five Admission Letter",
Admission Requirements,Bank Account for Construction,"CRDB ARUSHA BRANCH, Account Name: ARUSHA CATHOLIC SEMINARY-UJENZI, Account No. 0150403091800",English,Form Five Admission Letter,
Admission Requirements,Bank Account for Construction,"CRDB ARUSHA BRANCH, Jina la Akaunti ni ARUSHA CATHOLIC SEMINARY-UJENZI, Namba ya akaunti 0150403091800",Swahili,Form Five Admission Letter,
Admission Requirements,Payment Warning,Do not pay tuition fees into the construction account,English,Form Five Admission Letter,
Admission Requirements,Payment Warning,"Malipo yafanywe kwenye akaunti husika, usilipe ada kwenye akaunti ya ujenzi wa Kanisa",Swahili,Form Five Admission Letter,
Admission Requirements,Bank Slip Requirement,Student must bring bank slip after payment,English,Form Five Admission Letter,
Admission Requirements,Bank Slip Requirement,Mwanafunzi aje na Bank Slip mara tu baada ya malipo,Swahili,Form Five Admission Letter,
Admission Requirements,Refund Policy,No refunds for tuition or construction fees if student is expelled,English,Form Five Admission Letter,
Admission Requirements,Refund Policy,Mwanafunzi anapofukuzwa shule kwa sababu yeyote hakuna malipo ya ada na michango mingine aliyolipa atakayorudishiwa mzazi au mlezi,Swahili,Form Five Admission Letter,
Admission Requirements,Admission Denial,Student will be sent home if they do not bring bank slips for tuition and construction fees on the first day,English,Form Five Admission Letter,
Admission Requirements,Admission Denial,Mwanafunzi asipokuja na bank slip ya malipo ya ada na fedha za ujenzi siku ya kufungua shule atarudishwa nyumbani siku hiyo hiyo,Swahili,Form Five Admission Letter,
Rules & Regulations,Expulsion Offenses,"Theft, poor academic performance, absenteeism, immoral behavior, leaving school without permission",English,Admission Letter,
Rules & Regulations,Expulsion Offenses,"Kukamatwa na vitu vilivyopigwa marufuku, Kushindwa masomo au utoro wa darasani, Tabia ya kutoshiriki ibada, Kutoka nje ya eneo la shule bila ruhusa, Tabia/Maisha mengine yanayokinzana na maadili",Swahili,Admission Letter,
Rules & Regulations,Expulsion Policy,If a student is expelled for any reason no tuition or construction fees will be refunded to the parent or guardian,English,Form Five Admission Letter,
Rules & Regulations,Expulsion Policy,Mwanafunzi anapofukuzwa shule kwa sababu yeyote hakuna malipo ya ada na michango mingine aliyolipa atakayorudishiwa mzazi au mlezi,Swahili,Form Five Admission Letter,
Rules & Regulations,General Rules,Students must be respectful to themselves and others including teachers staff priests and guests,English,Form Five Admission Letter,
Rules & Regulations,General Rules,"Kila mwanafunzi anapaswa awe mtiifu na mwenye heshima kwake binafsi na kwa watu wote wakiwemo walimu, wafanyakazi, mapadre na wageni wengine",Swahili,Form Five Admission Letter,
Rules & Regulations,General Rules,"No bullying of any kind, especially by older students against younger ones",English,Form Five Admission Letter,
Rules & Regulations,General Rules,Uonevu wa aina yoyote hautavumiliwa. Hasa wa wakubwa kwa wadogo,Swahili,Form Five Admission Letter,
Rules & Regulations,General Rules,"No inappropriate relationships between students, staff, teachers, or guardians",English,Form Five Admission Letter,
Rules & Regulations,General Rules,"Utani usiyofaa usiwepo kati ya wanafunzi, wafanyakazi, walimu na kwa walezi wote",Swahili,Form Five Admission Letter,
Rules & Regulations,General Rules,Permission to sleep outside the school is granted by the Rector or his assistant or the priest in charge,English,Form Five Admission Letter,
Rules & Regulations,General Rules,Ruhusa ya kulala nje ya shule hutolewa na Gombera au msaidizi wake au padre aliyepo seminarini kwa wakati huo,Swahili,Form Five Admission Letter,
Rules & Regulations,General Rules,School uniforms must be worn at all times unless on designated days,English,Form Five Admission Letter,
Rules & Regulations,General Rules,Sare za shule lazima zivaliwe wakati wote unaotakiwa isipokuwa kwa siku zile zilizoruhusiwa tu,Swahili,Form Five Admission Letter,
Rules & Regulations,General Rules,"Students must respect prayers, manual work, and studies without neglecting good relationships with others and maintaining discipline at all times",English,Form Five Admission Letter,
Rules & Regulations,General Rules,"Kila mwanafunzi anapaswa kuheshimu sala, kazi za mikono na masomo darasani bila kusahau uhusiano mwema na wengine na kuwa na nidhamu muda wote",Swahili,Form Five Admission Letter,
Rules & Regulations,General Rules,"No abusive language, written or spoken, is allowed",English,Form Five Admission Letter,
Rules & Regulations,General Rules,Matusi ya aina yoyote  yawe ya kusema au kuandika hayaruhusiwi,Swahili,Form Five Admission Letter,
Rules & Regulations,General Rules,Students must respect and take care of school property. Any damage must be compensated by the student,English,Form Five Admission Letter,
Rules & Regulations,General Rules,Kila mwanafunzi lazima aheshimu na kutunza mali ya shule. Uharibifu wowote utakaotokea utabidi ugharamiwe na mwanafunzi mwenyewe,Swahili,Form Five Admission Letter,
Rules & Regulations,General Rules,"Personal hygiene, clothing, and environmental cleanliness are the responsibility of every student. Fridays are for washing and changing bedding, and Thursdays are for changing school uniforms",English,Form Five Admission Letter,
Rules & Regulations,General Rules,Usafi wa mwili na mavazi na mazingira ni wajibu wa kila mwanafunzi. Kila jumamosi ni siku ya kufua na kubadilisha matandiko na Alhamisi ni siku ya kubadilisha sare za shule,Swahili,Form Five Admission Letter,
Rules & Regulations,General Rules,Returning late after holidays without a reason and a letter from the Parish Priest is an offense,English,Form Five Admission Letter,
Rules & Regulations,General Rules,Kuchelewa kwa mseminari baada ya likizo kuisha bila sababu na barua ya Paroko ni kosa,Swahili,Form Five Admission Letter,
Rules & Regulations,General Rules,School property must be used carefully and wisely,English,Form Five Admission Letter,
Rules & Regulations,General Rules,Mali za seminari ni lazima zitumiwe kwa uangalifu na busara,Swahili,Form Five Admission Letter,
Rules & Regulations,General Rules,Good behavior and discipline inside and outside the seminary are mandatory for every student,English,Form Five Admission Letter,
Rules & Regulations,General Rules,Tabia njema na nidhamu ndani na nje ya seminari ni wajibu na ni lazima kwa kila mwanafunzi,Swahili,Form Five Admission Letter,
Rules & Regulations,General Rules,Use of inappropriate words or writing is strictly prohibited anywhere in the seminary,English,Form Five Admission Letter,
Rules & Regulations,General Rules,Upokeaji au uandishi wa maneno yasiyofaa ni mwiko mahali popote hapa seminarini,Swahili,Form Five Admission Letter,
Rules & Regulations,General Rules,"Students are not allowed to visit the residences of teachers, priests, or staff without special permission",English,Form Five Admission Letter,
Rules & Regulations,General Rules,"Mwanafunzi haruhusiwi kwenda makazi ya waalimu, mapadre au wafanyakazi bila ruhusa maalum",Swahili,Form Five Admission Letter,
Rules & Regulations,General Rules,"Students should meet teachers in the staff room when they need academic assistance, not in their homes",English,Form Five Admission Letter,
Rules & Regulations,General Rules,Wanafunzi wakutane na waalimu 'Staff room' pale wanapohitaji msaada wa kimasomo na si kwenye nyumba zao,Swahili,Form Five Admission Letter,
Rules & Regulations,General Rules,"Roll call or inspections can happen at any time without prior notice, especially if there is suspicion of truancy or loss of items",English,Form Five Admission Letter,
Rules & Regulations,General Rules,Roll-Call au Inspection inaweza kufanyika wakati wowote bila taarifa rasmi hasa pale panapohisiwa kutokea utoro au upotevu wa kitu,Swahili,Form Five Admission Letter,
Rules & Regulations,General Rules,Guardians houses are for guardians only. Students may enter only when necessary or in emergencies and must do so respectfully,English,Form Five Admission Letter,
Rules & Regulations,General Rules,"Nyumba za walezi ni kwa ajili ya walezi, hivyo zipewe heshima na mwanafunzi ataingia katika nyumba hizo inapobidi au anapokuwa na shughuli maalum na kwa wakati unaofaa au kwa jambo la dharura, kwa vyovyote vile itakapobidi aingie anapaswa kufanya hivyo kwa nidhamu",Swahili,Form Five Admission Letter,
Rules & Regulations,General Rules,Students are not allowed to keep money in their dormitories or anywhere else except with the seminary accountant. If caught strict measures will be taken including confiscation without refund,English,Form Five Admission Letter,
Rules & Regulations,General Rules,Mwanafunzi haruhusiwi kuhifadhi fedha bwenini au mahali pengine popote ila kwa muhasibu wa Seminari pekee. Akikamatwa hatua kalizitachukuliwa ikiwa ni pamoja na kunyang'anywa fedha hizo bila kurudishiwa,Swahili,Form Five Admission Letter,
Rules & Regulations,General Rules,Students must use the priest's phone for communication with parents or guardians and not their own phones,English,Form Five Admission Letter,
Rules & Regulations,General Rules,Mwanafunzi anapopatwa na tatizo Seminarini haruhusiwi kuruka ngazi zilizowekwa na utawala,Swahili,Form Five Admission Letter,
Rules & Regulations,General Rules,"It is an offense for a student to use a guardian's name inappropriately, including asking for money from parents or guardians for personal gain",English,Form Five Admission Letter,
Rules & Regulations,General Rules,Ni kosa kwa mwanafunzi kutumia majina ya walezi vibaya ikiwa ni pamoja na kuomba fedha kwa wazazi au walezi kwa malengo binafsi,Swahili,Form Five Admission Letter,
Rules & Regulations,General Rules,"Students are not allowed to wear another student's clothes, including school uniforms, work clothes, or undergarments",English,Form Five Admission Letter,
Rules & Regulations,General Rules,"Ni marufuku mwanafunzi kuvaa nguo za mwanafunzi mwingine ikiwemo sare za shule, nguo za kazi na nguo nyingine zikiwemo nguo za ndani",Swahili,Form Five Admission Letter,
Mission & Vision,Seminary Goal,"To provide holistic formation (intellectual, physical, moral, spiritual, and vocational) to young boys, preparing them to serve the Church as priests in the future.",English,Admission Letter,
Mission & Vision,Seminary Goal,"Lengo la Seminari ni kuwapatia vijana wadogo wa kiume malezi mfungamano ya kiakili, kimwili, kimaadili, kiutu na kiroho huku wakitarajiwa kuwa wahudumu wa Kanisa, yaani mapadre hapo baadaye.",Swahili,Admission Letter,
Mission & Vision,Pre-Form One Purpose,The Pre-Form One program is a short-term introduction to seminary life before joining Form One.,English,Admission Letter,
Mission & Vision,Pre-Form One Purpose,"Kipindi hiki cha ""Preform One"" na malezi ni cha muda mfupi; lengo likiwa ni kuyajua na kuyaishi Maisha ya Seminari kabla ya kujiunga na Kidato cha Kwanza.",Swahili,Admission Letter,
Additional Notes,Important Warning,Students who arrive without prior notice and valid reasons will lose their admission.,English,Admission Letter,
Additional Notes,Important Warning,Kushindwa kwako kufika bila taarifa za awali na sababu za msingi sana utakuwa umepoteza nafasi yako ya kujiunga na Seminari.,Swahili,Admission Letter,
Additional Notes,General Advice,Wishing you good studies and formation in Arusha Catholic Seminary.,English,Admission Letter,
Additional Notes,General Advice,Tunakutakia masomo na malezi mema katika Seminari yetu ya Arusha Catholic Seminary.,Swahili,Admission Letter,
Forms,Pre-Form One Application,"Form requires: Name, Parish, Baptism Number, First Communion, Confirmation Number, Year of Primary Education Completion",English,Application Form,
Forms,Pre-Form One Application,"Fomu inahitaji: Jina, Parokia, Namba ya Kubatizwa, Komunyo ya Kwanza, Namba ya Kipaimara, Mwaka wa Kuhitimu Elimu ya Msingi",Swahili,Application Form,
Forms,Medical Examination,"Required checks: Head, Eyes, Ears, Nose, Neck, Mouth, Thorax, Spine, Extremities, Heart, Lungs, Abdomen, Reflexes, Blood Pressure, Temperature, Urine (Alb/Sugar/Sed), Stool, Full Blood Picture (Hb/Differential/ESR/WBC/Hct/Blood Group/Rh)",English,Medical Form,
Forms,Medical Examination,"Uchunguzi wa Lazima: Kichwa na fupi, Macho, Masikio, Puani, Shingo, Kinywa, Kifua, Mwiri, Miguu, Moyo, Mapafu, Tumbo, Refleksi, Shinikizo la Damu, Joto, Mkojo (Alb/Sukari/Sed), Mavi, Picha Kamili ya Damu (Hb/Differential/ESR/WBC/Hct/Kundi la Damu/Rh)",Swahili,Medical Form,
Forms,Medical Examination Personal History,Do you suffer from Diabetes/Epilepsy/Asthma/or Mental Illness? Have you ever suffered from any illness in the past? Do you have any illness now? Are you allergic to any drug/food/or other allergens?,English,Medical Form,
Forms,Medical Examination Personal History,"Je, unaugua Diabetes, Epilepsi, Asthma, au Ugonjwa wa Akili? Umeshawahi kuugua ugonjwa wowote hapo awali? Una ugonjwa wowote sasa? Una alergi ya dawa, chakula, au alerjeni nyingine?",Swahili,Medical Form,
Forms,Primary School Report,"Includes: Student's name, school, academic performance (Math/Kiswahili/English/Science/Social Studies/Civic Education), behavior, recommendations",English,Primary School Report Form,
Forms,Primary School Report,"Ina: Jina la Mwanafunzi, Jina la Shule alipohitimu Elimu ya Msingi, Maendeleo ya Mwanafunzi Darasani (Hesabu/Kiswahili/Kiingereza/Sayansi/S/Kazi/S/Jamii), Tabia ya Mwanafunzi, Anafaa/hafai kupokelewa Seminarini?, Anaelekea kuwa na kipaji gani?, Je, anajuhudi katika kazi za mikono?",Swahili,Primary School Report Form,
Forms,Community Recommendation,"Includes: Prayer participation, household chores, student behavior, family background, financial ability, acceptance/rejection, number of attendees, location of meeting, general comments",English,Community Recommendation Form,
Forms,Community Recommendation,"Ina: Kusali na kushiriki mambo ya Dini, Kufanya kazi nyumbani, Tabia ya Mwanafunzi, Ushiriki wake Ibadani na shughuli za Kanisa, Kijana huyu mnamfahamu kwa muda gani?, Wazazi wake mnawafahamu kwa muda gani?, Maelezo kuhusu Familia yake, Je, wazazi/walezi wa kijana huyu wanao uwezo wa kulipa karo ya Seminari isiyopungua Tsh. 1,800,000/=, Je, kijana huyu apokelewe Seminarini?, Wanaokubali/Wasiokubali, Waliohudhuria Kikao ni Wanajumuiya wangapi?, Kikao kilifanyika wapi?, Maoni ya jumla",Swahili,Community Recommendation Form,
Forms,Vocations Office Application,"Includes: Applicant's name, parish, baptism number, first communion, confirmation number, year of primary education completion, family details, priestly vocation signs, parish priest's opinion",English,Vocations Office Application Form,
Forms,Vocations Office Application,"Ina: Jina la Mwombaji, Jina la Parokia ya Mwombaji, Namba ya Kubatizwa, Komunyo ya Kwanza, Namba ya Kipaimara, Mwaka wa Kuhitimu Elimu ya Msingi, Maelezo kuhusu Familia, Unamfahamu kwa muda gani Mwombaji, Wazazi/Walezi wake unawafahamu kwa muda gani?, Elezea tabia na mambo ya Ibada, Je, kijana anaonyesha kuwa na wito wa Upadre?, Maoni ya Paroko/Paroko Msaidizi",Swahili,Vocations Office Application Form,
Forms,Form Five Admission Letter,"Includes: Name, Parish, and notification of selection for Form Five",English,Form Five Admission Letter,
Forms,Form Five Admission Letter,"Ina: Jina, Parokia, na taarifa ya kuchaguliwa kujiunga na Kidato cha Tano",Swahili,Form Five Admission Letter,
Forms,Form Five Acceptance Form,Student's acceptance of Form Five place,English,Form Five Acceptance Form,
Forms,Form Five Acceptance Form,"Mimi kwa hiari yangu mwenyewe ninakubali nafasi niliyopewa ya kuingia kidato cha tano katika Seminari ya Jimbo, Arusha Catholic Seminary kwa ajili ya malezi ya Miito. Nitakuwa tayari kuzifuata sheria zote za shule wakati wote niwapo ndani na nje ya shule.",Swahili,Form Five Acceptance Form,
Forms,Form Five Acceptance Form - Parent/Guardian,Parent/Guardian's acceptance of Form Five place,English,Form Five Acceptance Form,
Forms,Form Five Acceptance Form - Parent/Guardian,Mimi Mzazi/Mlezi wa kijana wangu ninaikubali nafasi aliyopewa kijana wangu na kwamba muda wote awapo ndani na nje ya shule analazimika kufuata sheria za shule na kuwa mtiifu kwa wanafunzi wenzake na walimu na wafanyakazi na walezi wake wote.,Swahili,Form Five Acceptance Form,
Forms,Form Five Acceptance Form - Parish Priest,Parish Priest's confirmation,English,Form Five Acceptance Form,
Forms,Form Five Acceptance Form - Parish Priest,"Mimi Paroko/Paroko Msaidizi wa Parokia ya ninathibitisha kuwa Ndugu ni Mzazi/Mlezi wa kijana huyu aliyechaguliwa kuingia kidato cha tano katika Seminari ya Jimbo, Arusha Catholic Seminary",Swahili,Form Five Acceptance Form,
Forms,Form Five Pledge Form,Student's pledge to maintain good behavior and discipline,English,Form Five Pledge Form,
Forms,Form Five Pledge Form,Mimi natambua wajibu wangu kwa Taifa na Kanisa kama Mwanafunzi na ninaahidi kwamba: (a) Nitatii na kuwaheshimu viongozi wangu wote katika ngazi zote za uongozi wa shule; (b) Nitafuata kanuni na sheria zote za shule pamoja na maelekezo yote yanayotolewa mara kwa mara na viongozi wa shule katika ngazi zote; (c) Sitatoka nje ya mipaka ya shule wakati wowote wa masomo labda tu kwa shughuli maalum na kwa ruhusa maalum ya Mkuu wa Shule au Makamu Mkuu wa Shule; (d) Kupata wastani wa shule katika mitihani kuanzia wastani wa alama 65%. (e) Kama nitashindwa kufuata vipengele vyote vilivyotajwa hapo juu hatua kali ichukuliwe dhidi yangu ambayo ni pamoja na kusimamishwa masomo mara moja.,Swahili,Form Five Pledge Form,
Forms,Form Five Registration Form - Student,"Student full name, birth details, baptism details, first communion, confirmation, birth place, Form Four school, Form Four exam number, parish name, Form Four performance, leadership roles, siblings details",English,Form Five Registration Form,
Forms,Form Five Registration Form - Student,"Jina kamili kwenye mtihani wa Kidato cha nne, Tarehe/mwezi/mwaka wa kuzaliwa, Tarehe/mwezi/mwaka wa Kubatizwa na Namba, Tarehe/mwezi/mwaka wa Komunyo ya Kwanza, Tarehe/mwezi/mwaka wa Kipaimara na Namba, Mahali na wilaya ulipozaliwa, Shule alipomaliza kidato cha nne, Namba ya mtihani wa kidato cha nne, Jina la Parokia anayotoka, Ufaulu wa masomo kidato cha nne (daraja/pointi), Kazi yeyote ya uongozi uliyowahi kufanya, Ndugu zako (wa kike na kiume) kufuatana na umri wao wa kuzaliwa nawe ukiwemo",Swahili,Form Five Registration Form,
Forms,Parent/Guardian Information Form,"Father's details: full name, occupation, home address, work address, phone number",English,Parent/Guardian Information Form,
Forms,Parent/Guardian Information Form,"Taarifa za Mzazi: Jina kamili la Baba, Kazi yake, Nyumbani kwa Baba, Anuani ya mahali pa kazi ya Baba, Namba ya Simu",Swahili,Parent/Guardian Information Form,
Forms,Parent/Guardian Information Form,"Mother's details: full name, occupation, home address, work address, phone number",English,Parent/Guardian Information Form,
Forms,Parent/Guardian Information Form,"Jina kamili la Mama, Kazi yake, Nyumbani kwa mama, Anuani ya mahali pa kazi ya mama, Namba ya simu",Swahili,Parent/Guardian Information Form,
Forms,Parent/Guardian Information Form,Guardian details (if applicable),English,Parent/Guardian Information Form,
Forms,Parent/Guardian Information Form,Taarifa za Mlezi (jaza sehemu hii endapo mwanafunzi anatunzwa na mlezi),Swahili,Parent/Guardian Information Form,
Forms,Parent/Guardian Information Form,Student's living arrangement: Father only / Mother only / Both parents / Guardian / Other,English,Parent/Guardian Information Form,
Forms,Parent/Guardian Information Form,Mtoto anaishi na (i) Baba tu ( ) (ii) Mama tu ( ) (iii) Wazazi wote ( ) (iv) Mlezi ( ) (v) Maelezo mengine,Swahili,Parent/Guardian Information Form,
Forms,Parent/Guardian Information Form,"Religion of father, mother and guardian including denomination",English,Parent/Guardian Information Form,
Forms,Parent/Guardian Information Form,"Dini ya Baba, Dhehebu, Dini ya Mama, Dhehebu, Dini ya Mlezi, Dhehebu",Swahili,Parent/Guardian Information Form,
Forms,Parent/Guardian Information Form,Home address for holidays,English,Parent/Guardian Information Form,
Forms,Parent/Guardian Information Form,Anuani kamili ya nyumbani/mahali ambapo mtoto atakuwa anakwenda likizo,Swahili,Parent/Guardian Information Form,
Forms,Parent/Guardian Information Form - Declaration,Parent/Guardian declaration to cooperate with teachers for child's good behavior and studies,English,Parent/Guardian Information Form,
Forms,Parent/Guardian Information Form - Declaration,Mimi Baba/Mama/Mlezi wa ninaahidi kushirikiana na walimu ili kuhakikisha kwamba kijana wangu anakuwa na tabia nzuri na njema na mchapa kazi na mwenye bidii katika sala na masomo,Swahili,Parent/Guardian Information Form,
Forms,Medical Examination Form (Form Five),"Includes: Name, Parish, Height, Blood Pressure, Temperature",English,Medical Examination Form,
Forms,Medical Examination Form (Form Five),"Ina: Jina, Parokia, Urefu, Shinikizo la Damu, Joto",Swahili,Medical Examination Form,
Forms,Medical Examination Form (Form Five) - Categories,"Head and skull, Heart and Circulation, Eyes, Heart size, Ears, Rhythm, Nose, Heart Sound, Neck, Thrills, Mouth, Lymph Nodes, Thorax, Peripheral Arteries, Spine or Back, Lungs, Extremities, Abdomen, Sensation, Reflexes, Ataxia, External Genitalia, Prostate, Rectal, Skin, Inguinal or Femoral Hernia, Other Findings, Hair",English,Medical Examination Form,
Forms,Medical Examination Form (Form Five) - Categories,"Kichwa na fupi, Moyo na Mzunguko wa Damu, Macho, Ukubwa wa Moyo, Masikio, Mwendo wa Moyo, Puani, Sauti ya Moyo, Shingo, Uhariri wa Moyo, Kinywa, Viwango vya Limfu, Kifua, Mishipa ya Nje, Mwiri, Mapafu, Miguu, Tumbo, Hisia, Refleksi, Ataxia, Viungu vya Nje vya Uume, Prostat, Mwisho wa Utumbo, Ngozi, Hernia ya Inguinal au Femoral, Matokeo Mengine, Nywele",Swahili,Medical Examination Form,
Forms,Medical Examination Form (Form Five) - Symbols,"O – Normal/Essentially Normal, NE – Not Examined, D – Examination Deferred",English,Medical Examination Form,
Forms,Medical Examination Form (Form Five) - Symbols,"O – Kawaida/Sawa Kabisa, NE – Haijachunguzwa, D – Uchunguzi Uliachelewa",Swahili,Medical Examination Form,
Forms,Medical Examination Form (Form Five) - Personal History,"Diabetes, Epilepsy, Asthma, Mental Illness",English,Medical Examination Form,
Forms,Medical Examination Form (Form Five) - Personal History,"Diabetes, Epilepsi, Asthma, Ugonjwa wa Akili",Swahili,Medical Examination Form,
Forms,Medical Examination Form (Form Five) - Other Examinations,"Urine (Alb/Sugar/Sed), Stool, Full Blood Picture (Hb/Differential/ESR/WBC/Hct/Blood Group/Rh)",English,Medical Examination Form,
Forms,Medical Examination Form (Form Five) - Other Examinations,"Mkojo (Alb/Sukari/Sed), Mavi, Picha Kamili ya Damu (Hb/Differential/ESR/WBC/Hct/Kundi la Damu/Rh)",Swahili,Medical Examination Form,
Forms,Medical Examination Form (Form Five) - Hospital Details,"Name of the Government Hospital, Name and Signature of the Examiner, Stamp of the Hospital",English,Medical Examination Form,
Forms,Medical Examination Form (Form Five) - Hospital Details,"Jina la Hospitali ya Serikali, Jina na Sahihi ya Mchunguzi, Ushiriki wa Hospitali",Swahili,Medical Examination Form,
